{"cameraMode":{"drawMode":0,"name":"Shaded","section":"Shading Mode"},"sceneLighting":false,"audioPlay":false,"sceneViewState":{"m_AlwaysRefresh":false,"showFog":true,"showSkybox":true,"showFlares":true,"showImageEffects":true,"showParticleSystems":true,"showVisualEffectGraphs":true,"m_FxEnabled":true},"in2DMode":false,"pivot":{"x":14.877206802368164,"y":0.7877776622772217,"z":29.26714515686035},"rotation":{"x":0.2690417766571045,"y":0.3396777808666229,"z":-0.10204043984413147,"w":0.8956610560417175},"size":3.0868773460388185,"orthographic":false}