{"cameraMode":{"drawMode":0,"name":"Shaded","section":"Shading Mode"},"sceneLighting":false,"audioPlay":false,"sceneViewState":{"m_AlwaysRefresh":false,"showFog":true,"showSkybox":true,"showFlares":true,"showImageEffects":true,"showParticleSystems":true,"showVisualEffectGraphs":true,"m_FxEnabled":true},"in2DMode":false,"pivot":{"x":187.9473876953125,"y":-0.08412829786539078,"z":244.5845184326172},"rotation":{"x":-0.27668896317481997,"y":-0.30178120732307436,"z":0.09199585020542145,"w":-0.9079474210739136},"size":3.1901793479919435,"orthographic":false}