{"cameraMode":{"drawMode":0,"name":"Shaded","section":"Shading Mode"},"sceneLighting":false,"audioPlay":false,"sceneViewState":{"m_AlwaysRefresh":false,"showFog":true,"showSkybox":true,"showFlares":true,"showImageEffects":true,"showParticleSystems":true,"showVisualEffectGraphs":true,"m_FxEnabled":true},"in2DMode":false,"pivot":{"x":-0.29341211915016177,"y":0.4831450879573822,"z":0.10668259114027024},"rotation":{"x":0.03353511542081833,"y":0.9513434171676636,"z":-0.28578615188598635,"w":0.112144336104393},"size":0.6528476476669312,"orthographic":false}