{"cameraMode":{"drawMode":0,"name":"Shaded","section":"Shading Mode"},"sceneLighting":false,"audioPlay":false,"sceneViewState":{"m_AlwaysRefresh":false,"showFog":true,"showSkybox":true,"showFlares":true,"showImageEffects":true,"showParticleSystems":true,"showVisualEffectGraphs":true,"m_FxEnabled":true},"in2DMode":false,"pivot":{"x":-10.548473358154297,"y":11.092375755310059,"z":-8.639951705932618},"rotation":{"x":0.3249568045139313,"y":0.24172315001487733,"z":-0.08622611314058304,"w":0.9104622602462769},"size":0.7644838094711304,"orthographic":false}