{"cameraMode":{"drawMode":0,"name":"Shaded","section":"Shading Mode"},"sceneLighting":false,"audioPlay":false,"sceneViewState":{"m_AlwaysRefresh":false,"showFog":true,"showSkybox":true,"showFlares":true,"showImageEffects":true,"showParticleSystems":true,"showVisualEffectGraphs":true,"m_FxEnabled":true},"in2DMode":false,"pivot":{"x":-2.1184167861938478,"y":1.9161419868469239,"z":-1.6627613306045533},"rotation":{"x":0.14175672829151154,"y":0.3889384865760803,"z":-0.060775239020586017,"w":0.9085562229156494},"size":1.642581582069397,"orthographic":false}