{"cameraMode":{"drawMode":0,"name":"Shaded","section":"Shading Mode"},"sceneLighting":false,"audioPlay":false,"sceneViewState":{"m_AlwaysRefresh":false,"showFog":true,"showSkybox":true,"showFlares":true,"showImageEffects":true,"showParticleSystems":true,"showVisualEffectGraphs":true,"m_FxEnabled":true},"in2DMode":false,"pivot":{"x":0.20316186547279359,"y":0.6207716464996338,"z":0.8131689429283142},"rotation":{"x":-0.048623308539390567,"y":0.9502535462379456,"z":-0.24143269658088685,"w":-0.19133614003658296},"size":0.24221043288707734,"orthographic":false}