{"cameraMode":{"drawMode":0,"name":"Shaded","section":"Shading Mode"},"sceneLighting":false,"audioPlay":false,"sceneViewState":{"m_AlwaysRefresh":false,"showFog":true,"showSkybox":true,"showFlares":true,"showImageEffects":true,"showParticleSystems":true,"showVisualEffectGraphs":true,"m_FxEnabled":true},"in2DMode":false,"pivot":{"x":-1.1920928955078126e-7,"y":0.5700262784957886,"z":0.06303536891937256},"rotation":{"x":-0.011804783716797829,"y":0.9816008806228638,"z":-0.17944298684597016,"w":-0.0645831972360611},"size":1.5088101625442505,"orthographic":false}