{"cameraMode":{"drawMode":0,"name":"Shaded","section":"Shading Mode"},"sceneLighting":false,"audioPlay":false,"sceneViewState":{"m_AlwaysRefresh":false,"showFog":true,"showSkybox":true,"showFlares":true,"showImageEffects":true,"showParticleSystems":true,"showVisualEffectGraphs":true,"m_FxEnabled":true},"in2DMode":false,"pivot":{"x":0.5636752247810364,"y":-0.36632829904556277,"z":1.6284828186035157},"rotation":{"x":0.35725873708724978,"y":0.29796096682548525,"z":-0.12139048427343369,"w":0.8770902752876282},"size":3.041381359100342,"orthographic":false}