{"cameraMode":{"drawMode":0,"name":"Shaded","section":"Shading Mode"},"sceneLighting":false,"audioPlay":false,"sceneViewState":{"m_AlwaysRefresh":false,"showFog":true,"showSkybox":true,"showFlares":true,"showImageEffects":true,"showParticleSystems":true,"showVisualEffectGraphs":true,"m_FxEnabled":true},"in2DMode":false,"pivot":{"x":-2.321272850036621,"y":2.517423629760742,"z":-2.7863337993621828},"rotation":{"x":0.2212878167629242,"y":0.34367692470550539,"z":-0.08365555107593537,"w":0.9089205861091614},"size":0.004599935840815306,"orthographic":false}