{"cameraMode":{"drawMode":0,"name":"Shaded","section":"Shading Mode"},"sceneLighting":false,"audioPlay":false,"sceneViewState":{"m_AlwaysRefresh":false,"showFog":true,"showSkybox":true,"showFlares":true,"showImageEffects":true,"showParticleSystems":true,"showVisualEffectGraphs":true,"m_FxEnabled":true},"in2DMode":false,"pivot":{"x":2.533778190612793,"y":2.2876060009002687,"z":-1.9002028703689576},"rotation":{"x":-0.18090517818927766,"y":0.4986456036567688,"z":-0.10718311369419098,"w":-0.8411632180213928},"size":0.9202498197555542,"orthographic":false}