{"cameraMode":{"drawMode":0,"name":"Shaded","section":"Shading Mode"},"sceneLighting":false,"audioPlay":false,"sceneViewState":{"m_AlwaysRefresh":false,"showFog":true,"showSkybox":true,"showFlares":true,"showImageEffects":true,"showParticleSystems":true,"showVisualEffectGraphs":true,"m_FxEnabled":true},"in2DMode":false,"pivot":{"x":-0.3107585906982422,"y":0.17975130677223206,"z":0.027737271040678026},"rotation":{"x":0.20700688660144807,"y":0.052312158048152927,"z":-0.011074415408074856,"w":0.9769130349159241},"size":0.9528695940971375,"orthographic":false}