{"cameraMode":{"drawMode":0,"name":"Shaded","section":"Shading Mode"},"sceneLighting":false,"audioPlay":false,"sceneViewState":{"m_AlwaysRefresh":false,"showFog":true,"showSkybox":true,"showFlares":true,"showImageEffects":true,"showParticleSystems":true,"showVisualEffectGraphs":true,"m_FxEnabled":true},"in2DMode":false,"pivot":{"x":-2.384185791015625e-7,"y":0.8310394287109375,"z":0.09455299377441406},"rotation":{"x":-0.011804783716797829,"y":0.9816008806228638,"z":-0.17944298684597016,"w":-0.0645831972360611},"size":2.077897310256958,"orthographic":false}