{"cameraMode":{"drawMode":0,"name":"Shaded","section":"Shading Mode"},"sceneLighting":false,"audioPlay":false,"sceneViewState":{"m_AlwaysRefresh":false,"showFog":true,"showSkybox":true,"showFlares":true,"showImageEffects":true,"showParticleSystems":true,"showVisualEffectGraphs":true,"m_FxEnabled":true},"in2DMode":false,"pivot":{"x":-0.5931087136268616,"y":1.1017106771469117,"z":-1.626688003540039},"rotation":{"x":0.23114344477653504,"y":0.2848068177700043,"z":-0.07098810374736786,"w":0.9276317358016968},"size":0.4490529000759125,"orthographic":false}